Surplus Number,Qty,Description,Price,Public Date,Type,Category
156495 0001 41904,1,"MUSIC, SHEET, 27 BOXES OF BOOKS, SCORES, LPS",50.00,null,Music and Accessories,Art and Performing Arts Equipment/Supply
159342 0013 42800,1,"METER, NOISE, OMEGA",50.00,12/15/2023,Audio,Audio Visual
158558 0200 42519,1,"MICROPHONE, SHURE, MX690, 2KG0500218",50.00,null,Audio,Audio Visual
158558 0201 42519,1,"MICROPHONE, SHURE, MX690, 2KGO500224",50.00,null,Audio,Audio Visual
156533 0008 41925,1,"CAMERA, HIGH TEMPERATURE",50.00,null,Photography/Camera,Audio Visual
158570 0033 42513,1,"ENLARGER, BESELER",100.00,null,Photography/Camera,Audio Visual
158825 0047 42398,1,"PROJECTOR, BENQ, DLP, SP920P, PDB7B02505000",100.00,null,Projector/Screen,Audio Visual
159282 0011 42753,1,"PROJECTOR, EPSON, PL PRO C6550WU, T89F440123L",100.00,12/4/2023,Projector/Screen,Audio Visual
158287 0024 42193,1,"PROJECTOR, OPTIMA",100.00,null,Projector/Screen,Audio Visual
159479 0023 42835,1,"PROJECTOR, PROJECTIONDESIGN, F3XST, 06100104",100.00,null,Projector/Screen,Audio Visual
159479 0022 42835,1,"PROJECTOR, PROJECTIONDESIGN, F3XST, 06100105",100.00,null,Projector/Screen,Audio Visual
159479 0025 42835,1,"PROJECTOR, PROJECTIONDESIGN, F3XST, 06100106",100.00,null,Projector/Screen,Audio Visual
159479 0024 42835,1,"PROJECTOR, PROJECTIONDESIGN, F3XST, 06100107",100.00,null,Projector/Screen,Audio Visual
159091 0005 42706,1,"TELEVISION, RCA",50.00,null,Television,Audio Visual
159091 0006 42699,1,"TELEVISION, RCA, J42HE841, D0154190069, 42""",50.00,null,Television,Audio Visual
159091 0002 42699,1,"TELEVISION, RCA, J42HE841, D0154190184, 42""",50.00,null,Television,Audio Visual
159091 0003 42699,1,"TELEVISION, RCA, J42HE841, D0154190197, 42""",50.00,null,Television,Audio Visual
159091 0005 42699,1,"TELEVISION, RCA, J42HE841, D0154190198, 42""",50.00,null,Television,Audio Visual
159091 0004 42706,1,"TELEVISION, RCA, J42HE846, D0154190420",50.00,null,Television,Audio Visual
157379 0019 42333,1,"TELEVISION, SAMSUNG, LH52BPQLBC/ZA,",50.00,null,Television,Audio Visual
157379 0008 42333,1,"TELEVISION, SHARP, PN-E601, 0C006578",75.00,null,Television,Audio Visual
159699 0014 42815,1,COMPUTER,50.00,12/6/2023,CPU,Computer/IT/Telecommunication Equipment/Supply
158836 0034 42720,1,"COMPUTER, APPLE, IMAC, C02TF0TGH7JY",100.00,12/4/2023,CPU,Computer/IT/Telecommunication Equipment/Supply
158836 0020 42720,1,"COMPUTER, APPLE, IMAC, C02V90KDJ1G9",100.00,12/4/2023,CPU,Computer/IT/Telecommunication Equipment/Supply
158836 0079 42720,1,"COMPUTER, APPLE, IMAC, C02VK0YTJ1GJ",100.00,12/4/2023,CPU,Computer/IT/Telecommunication Equipment/Supply
158836 0067 42720,1,"COMPUTER, APPLE, IMAC, C02VP0Z8J1G9",100.00,12/4/2023,CPU,Computer/IT/Telecommunication Equipment/Supply
158836 0123 42720,1,"COMPUTER, APPLE, IMAC, C02WG0DPJ1GC",100.00,12/4/2023,CPU,Computer/IT/Telecommunication Equipment/Supply
158836 0018 42720,1,"COMPUTER, APPLE, IMAC, C02WH0R7J1G9",100.00,12/4/2023,CPU,Computer/IT/Telecommunication Equipment/Supply
158836 0068 42720,1,"COMPUTER, APPLE, IMAC, C02X402LJ1G9",100.00,12/4/2023,CPU,Computer/IT/Telecommunication Equipment/Supply
158836 0078 42720,1,"COMPUTER, APPLE, IMAC, C02X79VXJ1GG",100.00,12/4/2023,CPU,Computer/IT/Telecommunication Equipment/Supply
159512 0006 42846,1,"COMPUTER, DELL, OPTIPLEX 3050, D7VY9L2",50.00,null,CPU,Computer/IT/Telecommunication Equipment/Supply
158535 0013 42499,1,"COMPUTER, DELL, OPTIPLEX 3060, 9V10H13",50.00,null,CPU,Computer/IT/Telecommunication Equipment/Supply
158535 0014 42499,1,"COMPUTER, DELL, OPTIPLEX 3060, H1WKS13",100.00,null,CPU,Computer/IT/Telecommunication Equipment/Supply
158836 0131 42720,1,"COMPUTER, DELL, OPTIPLEX 3060, HZMNNY2",50.00,12/4/2023,CPU,Computer/IT/Telecommunication Equipment/Supply
159386 0028 42563,1,"COMPUTER, DELL, OPTIPLEX 5050 MFF, 9YB7MN2",100.00,null,CPU,Computer/IT/Telecommunication Equipment/Supply
159386 0025 42563,1,"COMPUTER, DELL, OPTIPLEX 5050 MFF, FDX88R2",100.00,null,CPU,Computer/IT/Telecommunication Equipment/Supply
159386 0026 42563,1,"COMPUTER, DELL, OPTIPLEX 5050 MFF, FF2C8R2",100.00,null,CPU,Computer/IT/Telecommunication Equipment/Supply
159386 0027 42563,1,"COMPUTER, DELL, OPTIPLEX 5050 MFF, FF688R2",100.00,null,CPU,Computer/IT/Telecommunication Equipment/Supply
158836 0135 42720,1,"COMPUTER, DELL, OPTIPLEX 7040, F946DH2",100.00,12/4/2023,CPU,Computer/IT/Telecommunication Equipment/Supply
158836 0011 42720,1,"COMPUTER, DELL, OPTIPLEX 7050, 134X7N2",50.00,12/4/2023,CPU,Computer/IT/Telecommunication Equipment/Supply
157596 0002 42444,1,"COMPUTER, DELL, OPTIPLEX 7050, 7R7BXM2",50.00,null,CPU,Computer/IT/Telecommunication Equipment/Supply
157596 0004 42444,1,"COMPUTER, DELL, OPTIPLEX 7050, 7R87XM2",50.00,null,CPU,Computer/IT/Telecommunication Equipment/Supply
159313 0017 42789,1,"COMPUTER, DELL, OPTIPLEX 7060 MFF, HH3L333",100.00,null,CPU,Computer/IT/Telecommunication Equipment/Supply
159512 0060 42846,1,"COMPUTER, DELL, OPTIPLEX 7070 MFF WIRELESS,",100.00,null,CPU,Computer/IT/Telecommunication Equipment/Supply
159512 0058 42846,1,"COMPUTER, DELL, OPTIPLEX 7070 MFF, 4X8N4Z2",100.00,null,CPU,Computer/IT/Telecommunication Equipment/Supply
159512 0059 42846,1,"COMPUTER, DELL, OPTIPLEX 7070 MFF, 4Y14H13",100.00,null,CPU,Computer/IT/Telecommunication Equipment/Supply
159220 0023 42742,1,"COMPUTER, DELL, OPTIPLEX 7070 MFF, 6CW64Y2",200.00,null,CPU,Computer/IT/Telecommunication Equipment/Supply
159220 0022 42742,1,"COMPUTER, DELL, OPTIPLEX 7070 MFF, 6DB34Y2",200.00,null,CPU,Computer/IT/Telecommunication Equipment/Supply
159390 0028 42809,1,"COMPUTER, DELL, OPTIPLEX 7070 MFF, 7F08BZ2",100.00,null,CPU,Computer/IT/Telecommunication Equipment/Supply
159390 0031 42809,1,"COMPUTER, DELL, OPTIPLEX 7070 MFF, 7F35BZ2",100.00,null,CPU,Computer/IT/Telecommunication Equipment/Supply
159390 0027 42809,1,"COMPUTER, DELL, OPTIPLEX 7070 MFF, BPXKPY2",100.00,null,CPU,Computer/IT/Telecommunication Equipment/Supply
159220 0026 42742,1,"COMPUTER, DELL, OPTIPLEX 7070 MFF, DMGNNY2",200.00,null,CPU,Computer/IT/Telecommunication Equipment/Supply
159220 0025 42742,1,"COMPUTER, DELL, OPTIPLEX 7070 MFF, DP8NNY2",200.00,null,CPU,Computer/IT/Telecommunication Equipment/Supply
159629 0037 42883,1,"COMPUTER, DELL, OPTIPLEX 7070 MFF, FT49H03",100.00,null,CPU,Computer/IT/Telecommunication Equipment/Supply
158317 0005 42683,1,"COMPUTER, DELL, OPTIPLEX, DYDJQD2",100.00,null,CPU,Computer/IT/Telecommunication Equipment/Supply
159205 0089 42737,1,"COMPUTER, DELL, PRECISION TOWER 3420, JK8SHH2",100.00,12/6/2023,CPU,Computer/IT/Telecommunication Equipment/Supply
158312 0003 42683,1,"COMPUTER, HP",50.00,null,CPU,Computer/IT/Telecommunication Equipment/Supply
159205 0061 42737,1,"COMPUTER, HP, ELITEDESK 705 G4 MINI, MXL9172R2B",100.00,12/6/2023,CPU,Computer/IT/Telecommunication Equipment/Supply
159205 0042 42737,1,"COMPUTER, HP, ELITEDESK 705 G4 MINI, MXL9172S0J",100.00,12/6/2023,CPU,Computer/IT/Telecommunication Equipment/Supply
159512 0112 42846,1,"COMPUTER, HP, ELITEDESK 800 G3 DM 65W, 8CG8021WXN",50.00,null,CPU,Computer/IT/Telecommunication Equipment/Supply
158904 0078 42615,1,"COMPUTER, HP, ELITEDESK 800 G3 MINI, 8CG72702XK",50.00,null,CPU,Computer/IT/Telecommunication Equipment/Supply
159220 0067 42742,1,"COMPUTER, HP, ELITEDESK 800 G3 MINI, 8CG72702Y7",50.00,null,CPU,Computer/IT/Telecommunication Equipment/Supply
159512 0105 42846,1,"COMPUTER, HP, ELITEDESK 800 G3 MINI, 8CG72702ZR",50.00,null,CPU,Computer/IT/Telecommunication Equipment/Supply
159512 0106 42846,1,"COMPUTER, HP, ELITEDESK 800 G3 MINI, 8CG727031G",50.00,null,CPU,Computer/IT/Telecommunication Equipment/Supply
159512 0104 42846,1,"COMPUTER, HP, ELITEDESK 800 G3 MINI, 8CG7270321",50.00,null,CPU,Computer/IT/Telecommunication Equipment/Supply
159390 0080 42809,1,"COMPUTER, HP, ELITEDESK 800 G3 MINI, 8CG7270324",50.00,null,CPU,Computer/IT/Telecommunication Equipment/Supply
158904 0073 42615,1,"COMPUTER, HP, ELITEDESK 800 G3 MINI, 8CG7270XQ",50.00,null,CPU,Computer/IT/Telecommunication Equipment/Supply
159205 0148 42737,1,"COMPUTER, HP, ELITEDESK 800 G3 MINI, 8CG7300PSF",100.00,12/6/2023,CPU,Computer/IT/Telecommunication Equipment/Supply
159220 0064 42742,1,"COMPUTER, HP, ELITEDESK 800 G3 MINI, 8CG73502R6",50.00,null,CPU,Computer/IT/Telecommunication Equipment/Supply
159629 0080 42883,1,"COMPUTER, HP, ELITEDESK 800 G3 MINI, 8CG7357QNH",50.00,null,CPU,Computer/IT/Telecommunication Equipment/Supply
158904 0079 42615,1,"COMPUTER, HP, ELITEDESK 800 G3 MINI, 8CG73854JZ",50.00,null,CPU,Computer/IT/Telecommunication Equipment/Supply
159390 0077 42809,1,"COMPUTER, HP, ELITEDESK 800 G3 MINI, 8CG73854L3",50.00,null,CPU,Computer/IT/Telecommunication Equipment/Supply
159205 0044 42737,1,"COMPUTER, HP, ELITEDESK 800 G3 MINI, 8CG7402KRK",100.00,12/6/2023,CPU,Computer/IT/Telecommunication Equipment/Supply
159205 0149 42737,1,"COMPUTER, HP, ELITEDESK 800 G3 MINI, 8CG7402KRN",100.00,12/6/2023,CPU,Computer/IT/Telecommunication Equipment/Supply
159205 0038 42737,1,"COMPUTER, HP, ELITEDESK 800 G3 MINI, 8CG7402KS2",100.00,12/6/2023,CPU,Computer/IT/Telecommunication Equipment/Supply
159205 0043 42737,1,"COMPUTER, HP, ELITEDESK 800 G3 MINI, 8CG7402KS4",100.00,12/6/2023,CPU,Computer/IT/Telecommunication Equipment/Supply
159390 0081 42809,1,"COMPUTER, HP, ELITEDESK 800 G3 MINI, 8CG7402NQL",50.00,null,CPU,Computer/IT/Telecommunication Equipment/Supply
158792 0064 42574,1,"COMPUTER, HP, ELITEDESK 800 G3 MINI, 8CG7412HQQ",50.00,null,CPU,Computer/IT/Telecommunication Equipment/Supply
159390 0082 42809,1,"COMPUTER, HP, ELITEDESK 800 G3 MINI, 8CG7427QBF",50.00,null,CPU,Computer/IT/Telecommunication Equipment/Supply
159512 0108 42846,1,"COMPUTER, HP, ELITEDESK 800 G3 MINI, 8CG7427QBJ",50.00,null,CPU,Computer/IT/Telecommunication Equipment/Supply
159512 0103 42846,1,"COMPUTER, HP, ELITEDESK 800 G3 MINI, 8CG7427QC0",50.00,null,CPU,Computer/IT/Telecommunication Equipment/Supply
158904 0069 42615,1,"COMPUTER, HP, ELITEDESK 800 G3 MINI, 8CG74910X2",50.00,null,CPU,Computer/IT/Telecommunication Equipment/Supply
158904 0074 42615,1,"COMPUTER, HP, ELITEDESK 800 G3 MINI, 8CG74910X4",50.00,null,CPU,Computer/IT/Telecommunication Equipment/Supply
159114 0077 42703,1,"COMPUTER, HP, ELITEDESK 800 G3 MINI, 8CG8021WZH",50.00,null,CPU,Computer/IT/Telecommunication Equipment/Supply
159114 0078 42703,1,"COMPUTER, HP, ELITEDESK 800 G3 MINI, 8CG8044N68",50.00,null,CPU,Computer/IT/Telecommunication Equipment/Supply
158792 0063 42574,1,"COMPUTER, HP, ELITEDESK 800 G3 MINI, 8CG8083TZN",50.00,null,CPU,Computer/IT/Telecommunication Equipment/Supply
158999 0036 42667,1,"COMPUTER, HP, ELITEDESK 800 G3 MINI, 8CG8083TZQ",50.00,null,CPU,Computer/IT/Telecommunication Equipment/Supply
159629 0081 42883,1,"COMPUTER, HP, ELITEDESK 800 G3 MINI, 8CG8083V0J",50.00,null,CPU,Computer/IT/Telecommunication Equipment/Supply
159205 0145 42737,1,"COMPUTER, HP, ELITEDESK 800 G3 MINI, 8CG8111PJC",100.00,12/6/2023,CPU,Computer/IT/Telecommunication Equipment/Supply
159390 0083 42809,1,"COMPUTER, HP, ELITEDESK 800 G3 MINI, 8CG8131VTM",50.00,null,CPU,Computer/IT/Telecommunication Equipment/Supply
159390 0078 42809,1,"COMPUTER, HP, ELITEDESK 800 G3 MINI, 8CG8186C35",50.00,null,CPU,Computer/IT/Telecommunication Equipment/Supply
159220 0063 42742,1,"COMPUTER, HP, ELITEDESK 800 G3 MINI, 8CG8211WT9",50.00,null,CPU,Computer/IT/Telecommunication Equipment/Supply
158999 0038 42667,1,"COMPUTER, HP, ELITEDESK 800 G3 MINI, 8CG8243F6K",50.00,null,CPU,Computer/IT/Telecommunication Equipment/Supply
158904 0075 42615,1,"COMPUTER, HP, ELITEDESK 800 G3 MINI, 8CG8261QXG",50.00,null,CPU,Computer/IT/Telecommunication Equipment/Supply
159205 0037 42737,1,"COMPUTER, HP, ELITEDESK 800 G3 MINI, 8CG8292ZWK",100.00,12/6/2023,CPU,Computer/IT/Telecommunication Equipment/Supply
159205 0146 42737,1,"COMPUTER, HP, ELITEDESK 800 G3 MINI, 8CG8316KJL",100.00,12/6/2023,CPU,Computer/IT/Telecommunication Equipment/Supply
159205 0142 42737,1,"COMPUTER, HP, ELITEDESK 800 G3 MINI, 8CG8316KK8",100.00,12/6/2023,CPU,Computer/IT/Telecommunication Equipment/Supply
159220 0065 42742,1,"COMPUTER, HP, ELITEDESK 800 G3 MINI, 8CG834936K",50.00,null,CPU,Computer/IT/Telecommunication Equipment/Supply
159629 0082 42883,1,"COMPUTER, HP, ELITEDESK 800 G3 MINI, 8CG834961C",50.00,null,CPU,Computer/IT/Telecommunication Equipment/Supply
159313 0049 42789,1,"COMPUTER, HP, ELITEDESK 800 G3 MINI, 8CG8349629",50.00,null,CPU,Computer/IT/Telecommunication Equipment/Supply
159390 0079 42809,1,"COMPUTER, HP, ELITEDESK 800 G3 MINI, 8CG834962N",50.00,null,CPU,Computer/IT/Telecommunication Equipment/Supply
159512 0107 42846,1,"COMPUTER, HP, ELITEDESK 800 G3 MINI, 8CG8349636",50.00,null,CPU,Computer/IT/Telecommunication Equipment/Supply
159313 0050 42789,1,"COMPUTER, HP, ELITEDESK 800 G3 MINI, 8CG834963C",50.00,null,CPU,Computer/IT/Telecommunication Equipment/Supply
158904 0077 42615,1,"COMPUTER, HP, ELITEDESK 800 G3 MINI, 8CG834963L",50.00,null,CPU,Computer/IT/Telecommunication Equipment/Supply
159313 0047 42789,1,"COMPUTER, HP, ELITEDESK 800 G3 MINI, 8CG8372YH6",50.00,null,CPU,Computer/IT/Telecommunication Equipment/Supply
159205 0147 42737,1,"COMPUTER, HP, ELITEDESK 800 G3 MINI, MXL91040QX",100.00,12/6/2023,CPU,Computer/IT/Telecommunication Equipment/Supply
159205 0143 42737,1,"COMPUTER, HP, ELITEDESK 800 G3 MINI, MXL9172HD5",100.00,12/6/2023,CPU,Computer/IT/Telecommunication Equipment/Supply
159205 0144 42737,1,"COMPUTER, HP, ELITEDESK 800 G3 MINI, MXL9172HLD",100.00,12/6/2023,CPU,Computer/IT/Telecommunication Equipment/Supply
159313 0051 42789,1,"COMPUTER, HP, ELITEDESK 800 G3 SFF, MXL7262LZ2",50.00,null,CPU,Computer/IT/Telecommunication Equipment/Supply
159114 0081 42703,1,"COMPUTER, HP, ELITEDESK 800 G3 SFF, MXL7262M06",50.00,null,CPU,Computer/IT/Telecommunication Equipment/Supply
158904 0083 42615,1,"COMPUTER, HP, ELITEDESK 800 G3 SFF, MXL73019M2",50.00,null,CPU,Computer/IT/Telecommunication Equipment/Supply
159114 0080 42703,1,"COMPUTER, HP, ELITEDESK 800 G3 SFF, MXL73019NR",50.00,null,CPU,Computer/IT/Telecommunication Equipment/Supply
159512 0109 42846,1,"COMPUTER, HP, ELITEDESK 800 G3 SFF, MXL73019PN",50.00,null,CPU,Computer/IT/Telecommunication Equipment/Supply
159390 0085 42809,1,"COMPUTER, HP, ELITEDESK 800 G3 SFF, MXL7312BD2",50.00,null,CPU,Computer/IT/Telecommunication Equipment/Supply
158904 0081 42615,1,"COMPUTER, HP, ELITEDESK 800 G3 SFF, MXL7312BD8",50.00,null,CPU,Computer/IT/Telecommunication Equipment/Supply
158904 0082 42615,1,"COMPUTER, HP, ELITEDESK 800 G3 SFF, MXL7312BDR",50.00,null,CPU,Computer/IT/Telecommunication Equipment/Supply
159629 0083 42883,1,"COMPUTER, HP, ELITEDESK 800 G3 SFF, MXL73723DL",50.00,null,CPU,Computer/IT/Telecommunication Equipment/Supply
159114 0082 42703,1,"COMPUTER, HP, ELITEDESK 800 G3 SFF, MXL74621WC",50.00,null,CPU,Computer/IT/Telecommunication Equipment/Supply
159114 0079 42703,1,"COMPUTER, HP, ELITEDESK 800 G3 SFF, MXL74621X8",50.00,null,CPU,Computer/IT/Telecommunication Equipment/Supply
159390 0084 42809,1,"COMPUTER, HP, ELITEDESK 800 G3 SFF, MXL74621XB",50.00,null,CPU,Computer/IT/Telecommunication Equipment/Supply
158904 0084 42615,1,"COMPUTER, HP, ELITEDESK 800 G3 SFF, MXL8171598",50.00,null,CPU,Computer/IT/Telecommunication Equipment/Supply
158904 0085 42615,1,"COMPUTER, HP, ELITEDESK 800 G3 SFF, MXL82928L4",50.00,null,CPU,Computer/IT/Telecommunication Equipment/Supply
159390 0086 42809,1,"COMPUTER, HP, ELITEDESK 800 G4 MINI I7, 8CC8371S9Q",100.00,null,CPU,Computer/IT/Telecommunication Equipment/Supply
159205 0104 42737,1,"COMPUTER, HP, ELITEDESK 800 G4 MINI, 8CC8370062",100.00,12/6/2023,CPU,Computer/IT/Telecommunication Equipment/Supply
159205 0041 42737,1,"COMPUTER, HP, ELITEDESK 800 G4 MINI, 8CC8370067",100.00,12/6/2023,CPU,Computer/IT/Telecommunication Equipment/Supply
159205 0116 42737,1,"COMPUTER, HP, ELITEDESK 800 G4 MINI, 8CG7402KR5",100.00,12/6/2023,CPU,Computer/IT/Telecommunication Equipment/Supply
159205 0112 42737,1,"COMPUTER, HP, ELITEDESK 800 G4 MINI, 8CG8023HBK",100.00,12/6/2023,CPU,Computer/IT/Telecommunication Equipment/Supply
159205 0108 42737,1,"COMPUTER, HP, ELITEDESK 800 G4 MINI, 8CG8111PHM",100.00,12/6/2023,CPU,Computer/IT/Telecommunication Equipment/Supply
159205 0113 42737,1,"COMPUTER, HP, ELITEDESK 800 G4 MINI, 8CG8111PHN",100.00,12/6/2023,CPU,Computer/IT/Telecommunication Equipment/Supply
159205 0106 42737,1,"COMPUTER, HP, ELITEDESK 800 G4 MINI, 8CG8111PHY",100.00,12/6/2023,CPU,Computer/IT/Telecommunication Equipment/Supply
159205 0115 42737,1,"COMPUTER, HP, ELITEDESK 800 G4 MINI, 8CG8111PJ7",100.00,12/6/2023,CPU,Computer/IT/Telecommunication Equipment/Supply
159205 0111 42737,1,"COMPUTER, HP, ELITEDESK 800 G4 MINI, 8CG8111PJ8",100.00,12/6/2023,CPU,Computer/IT/Telecommunication Equipment/Supply
159205 0107 42737,1,"COMPUTER, HP, ELITEDESK 800 G4 MINI, 8CG8292ZW9",100.00,12/6/2023,CPU,Computer/IT/Telecommunication Equipment/Supply
159205 0109 42737,1,"COMPUTER, HP, ELITEDESK 800 G4 MINI, 8CG8292ZX3",100.00,12/6/2023,CPU,Computer/IT/Telecommunication Equipment/Supply
159205 0110 42737,1,"COMPUTER, HP, ELITEDESK 800 G4 MINI, 8CG8316KJM",100.00,12/6/2023,CPU,Computer/IT/Telecommunication Equipment/Supply
159205 0105 42737,1,"COMPUTER, HP, ELITEDESK 800 G4 MINI, 8CG8316KKD",100.00,12/6/2023,CPU,Computer/IT/Telecommunication Equipment/Supply
159205 0114 42737,1,"COMPUTER, HP, ELITEDESK 800 G4 MINI, MXL9172S14",100.00,12/6/2023,CPU,Computer/IT/Telecommunication Equipment/Supply
159512 0111 42846,1,"COMPUTER, HP, ELITEDESK 800 G4 SFF, MXL9022XNC",50.00,null,CPU,Computer/IT/Telecommunication Equipment/Supply
159205 0117 42737,1,"COMPUTER, HP, ELITEDESK 800 G4 SFF, MXL9391T9S",100.00,12/6/2023,CPU,Computer/IT/Telecommunication Equipment/Supply
159205 0030 42737,1,"COMPUTER, HP, ELITEDESK 800 G5 SFF, MXL9391T4W",100.00,12/6/2023,CPU,Computer/IT/Telecommunication Equipment/Supply
159205 0087 42737,1,"COMPUTER, HP, ELITEDESK 800 G5, MXL01343LH",100.00,12/6/2023,CPU,Computer/IT/Telecommunication Equipment/Supply
159205 0001 42737,1,"COMPUTER, HP, ELITEDESK 800, 8CG83450TB",100.00,12/6/2023,CPU,Computer/IT/Telecommunication Equipment/Supply
159205 0014 42737,1,"COMPUTER, HP, ELITEDESK G3, MXL6141WFQ",100.00,12/6/2023,CPU,Computer/IT/Telecommunication Equipment/Supply
159205 0101 42737,1,"COMPUTER, HP, ELITEDESK G4, 8CC837000L",100.00,12/6/2023,CPU,Computer/IT/Telecommunication Equipment/Supply
159205 0100 42737,1,"COMPUTER, HP, ELITEDESK G4, MXL9172HCH",100.00,12/6/2023,CPU,Computer/IT/Telecommunication Equipment/Supply
158201 0065 42382,1,"COMPUTER, HP, ELITEDESK MICRO, 8CG8316KJZ",100.00,null,CPU,Computer/IT/Telecommunication Equipment/Supply
158201 0067 42382,1,"COMPUTER, HP, ELITEDESK MICRO, 8CG8316KKX",100.00,null,CPU,Computer/IT/Telecommunication Equipment/Supply
158201 0033 42382,1,"COMPUTER, HP, ELITEDESK MICRO, MXL9103QM9",100.00,null,CPU,Computer/IT/Telecommunication Equipment/Supply
158201 0027 42382,1,"COMPUTER, HP, ELITEDESK MICRO, MXL9172RYQ",100.00,null,CPU,Computer/IT/Telecommunication Equipment/Supply
159205 0072 42737,1,"COMPUTER, HP, ELITEDESK, MXL9134VW2",100.00,12/6/2023,CPU,Computer/IT/Telecommunication Equipment/Supply
159629 0002 42883,1,"COMPUTER, LENOVO, M710E, MJ0A66FB",50.00,null,CPU,Computer/IT/Telecommunication Equipment/Supply
159386 0016 42563,1,"COMPUTER, LENOVO, M710Q, MJ055YHZ",50.00,null,CPU,Computer/IT/Telecommunication Equipment/Supply
159386 0015 42563,1,"COMPUTER, LENOVO, M710Q, MJ055YJ8",50.00,null,CPU,Computer/IT/Telecommunication Equipment/Supply
158836 0126 42720,1,"COMPUTER, NUC, INTEL, BTHN810000S8",100.00,12/4/2023,CPU,Computer/IT/Telecommunication Equipment/Supply
158959 0006 42656,1,DESKTOP COMPUTER,100.00,null,CPU,Computer/IT/Telecommunication Equipment/Supply
159620 0004 42875,1,"DESKTOP COMPUTER, 4MTVQD2",100.00,12/5/2023,CPU,Computer/IT/Telecommunication Equipment/Supply
159281 0091 42768,1,"DESKTOP COMPUTER, APPLE, IMAC 27 2018",100.00,12/12/2023,CPU,Computer/IT/Telecommunication Equipment/Supply
158263 0011 42415,1,"DESKTOP COMPUTER, CUSTOM, IM-GEN168",50.00,null,CPU,Computer/IT/Telecommunication Equipment/Supply
158802 0078 42608,1,"DESKTOP COMPUTER, DELL",50.00,null,CPU,Computer/IT/Telecommunication Equipment/Supply
158802 0080 42608,1,"DESKTOP COMPUTER, DELL",50.00,null,CPU,Computer/IT/Telecommunication Equipment/Supply
158802 0087 42608,1,"DESKTOP COMPUTER, DELL",50.00,null,CPU,Computer/IT/Telecommunication Equipment/Supply
159281 0001 42768,1,"DESKTOP COMPUTER, DELL",50.00,12/12/2023,CPU,Computer/IT/Telecommunication Equipment/Supply
159281 0002 42768,1,"DESKTOP COMPUTER, DELL",50.00,12/12/2023,CPU,Computer/IT/Telecommunication Equipment/Supply
159281 0003 42768,1,"DESKTOP COMPUTER, DELL",50.00,12/12/2023,CPU,Computer/IT/Telecommunication Equipment/Supply
159281 0006 42768,1,"DESKTOP COMPUTER, DELL",50.00,12/12/2023,CPU,Computer/IT/Telecommunication Equipment/Supply
159281 0007 42768,1,"DESKTOP COMPUTER, DELL",50.00,12/12/2023,CPU,Computer/IT/Telecommunication Equipment/Supply
159281 0008 42768,1,"DESKTOP COMPUTER, DELL",50.00,12/12/2023,CPU,Computer/IT/Telecommunication Equipment/Supply
159281 0009 42768,1,"DESKTOP COMPUTER, DELL",50.00,12/12/2023,CPU,Computer/IT/Telecommunication Equipment/Supply
159281 0010 42768,1,"DESKTOP COMPUTER, DELL",50.00,12/12/2023,CPU,Computer/IT/Telecommunication Equipment/Supply
159281 0011 42768,1,"DESKTOP COMPUTER, DELL",50.00,12/12/2023,CPU,Computer/IT/Telecommunication Equipment/Supply
159281 0014 42768,1,"DESKTOP COMPUTER, DELL",50.00,12/12/2023,CPU,Computer/IT/Telecommunication Equipment/Supply
159281 0016 42768,1,"DESKTOP COMPUTER, DELL",50.00,12/12/2023,CPU,Computer/IT/Telecommunication Equipment/Supply
159281 0017 42768,1,"DESKTOP COMPUTER, DELL",50.00,12/12/2023,CPU,Computer/IT/Telecommunication Equipment/Supply
159281 0018 42768,1,"DESKTOP COMPUTER, DELL",50.00,12/12/2023,CPU,Computer/IT/Telecommunication Equipment/Supply
159281 0020 42768,1,"DESKTOP COMPUTER, DELL",50.00,12/12/2023,CPU,Computer/IT/Telecommunication Equipment/Supply
159281 0025 42768,1,"DESKTOP COMPUTER, DELL",50.00,12/12/2023,CPU,Computer/IT/Telecommunication Equipment/Supply
159281 0026 42768,1,"DESKTOP COMPUTER, DELL",50.00,12/12/2023,CPU,Computer/IT/Telecommunication Equipment/Supply
159281 0027 42768,1,"DESKTOP COMPUTER, DELL",50.00,12/12/2023,CPU,Computer/IT/Telecommunication Equipment/Supply
159281 0028 42768,1,"DESKTOP COMPUTER, DELL",50.00,12/12/2023,CPU,Computer/IT/Telecommunication Equipment/Supply
159281 0029 42768,1,"DESKTOP COMPUTER, DELL",50.00,12/12/2023,CPU,Computer/IT/Telecommunication Equipment/Supply
159281 0030 42768,1,"DESKTOP COMPUTER, DELL",50.00,12/12/2023,CPU,Computer/IT/Telecommunication Equipment/Supply
159281 0032 42768,1,"DESKTOP COMPUTER, DELL",50.00,12/12/2023,CPU,Computer/IT/Telecommunication Equipment/Supply
159281 0033 42768,1,"DESKTOP COMPUTER, DELL",50.00,12/12/2023,CPU,Computer/IT/Telecommunication Equipment/Supply
159281 0068 42768,1,"DESKTOP COMPUTER, DELL",50.00,12/12/2023,CPU,Computer/IT/Telecommunication Equipment/Supply
159281 0073 42768,1,"DESKTOP COMPUTER, DELL",50.00,12/12/2023,CPU,Computer/IT/Telecommunication Equipment/Supply
159281 0085 42768,1,"DESKTOP COMPUTER, DELL",50.00,12/12/2023,CPU,Computer/IT/Telecommunication Equipment/Supply
158716 0001 42330,1,"DESKTOP COMPUTER, DELL, OPTIPLEX 5050 MFF,",100.00,null,CPU,Computer/IT/Telecommunication Equipment/Supply
158716 0003 42330,1,"DESKTOP COMPUTER, DELL, OPTIPLEX 5050 MFF,",100.00,null,CPU,Computer/IT/Telecommunication Equipment/Supply
158716 0002 42330,1,"DESKTOP COMPUTER, DELL, OPTIPLEX 5050 MFF,",100.00,null,CPU,Computer/IT/Telecommunication Equipment/Supply
157411 0004 42577,1,"DESKTOP COMPUTER, DELL, OPTIPLEX 7050",50.00,null,CPU,Computer/IT/Telecommunication Equipment/Supply
157411 0007 42577,1,"DESKTOP COMPUTER, DELL, OPTIPLEX 7050",50.00,null,CPU,Computer/IT/Telecommunication Equipment/Supply
157411 0008 42577,1,"DESKTOP COMPUTER, DELL, OPTIPLEX 7050",50.00,null,CPU,Computer/IT/Telecommunication Equipment/Supply
157411 0009 42577,1,"DESKTOP COMPUTER, DELL, OPTIPLEX 7050",50.00,null,CPU,Computer/IT/Telecommunication Equipment/Supply
157411 0010 42577,1,"DESKTOP COMPUTER, DELL, OPTIPLEX 7050",50.00,null,CPU,Computer/IT/Telecommunication Equipment/Supply
157411 0011 42577,1,"DESKTOP COMPUTER, DELL, OPTIPLEX 7050",50.00,null,CPU,Computer/IT/Telecommunication Equipment/Supply
157411 0013 42577,1,"DESKTOP COMPUTER, DELL, OPTIPLEX 7050",50.00,null,CPU,Computer/IT/Telecommunication Equipment/Supply
157411 0014 42577,1,"DESKTOP COMPUTER, DELL, OPTIPLEX 7050",50.00,null,CPU,Computer/IT/Telecommunication Equipment/Supply
158481 0052 42749,1,"DESKTOP COMPUTER, DELL, OPTIPLEX 7050, 30T5HQ2",50.00,null,CPU,Computer/IT/Telecommunication Equipment/Supply
158481 0053 42749,1,"DESKTOP COMPUTER, DELL, OPTIPLEX 7050, 7R7CXM2",50.00,null,CPU,Computer/IT/Telecommunication Equipment/Supply
158481 0054 42749,1,"DESKTOP COMPUTER, DELL, OPTIPLEX 7050, 7R86XM2",50.00,null,CPU,Computer/IT/Telecommunication Equipment/Supply
158481 0057 42749,1,"DESKTOP COMPUTER, DELL, OPTIPLEX 7050, H76PCH2",100.00,null,CPU,Computer/IT/Telecommunication Equipment/Supply
159177 0007 42723,1,"DESKTOP COMPUTER, H335XQ2",100.00,null,CPU,Computer/IT/Telecommunication Equipment/Supply
159620 0024 42875,1,"DESKTOP COMPUTER, HJQLGK2",100.00,12/5/2023,CPU,Computer/IT/Telecommunication Equipment/Supply
159422 0014 42722,1,"DESKTOP COMPUTER, HP, 800 G3 MINI, 8CG7357QN",50.00,null,CPU,Computer/IT/Telecommunication Equipment/Supply
159422 0013 42722,1,"DESKTOP COMPUTER, HP, 800 G3 MINI, 8CG8316QH",50.00,null,CPU,Computer/IT/Telecommunication Equipment/Supply
159506 0003 42950,1,"DESKTOP COMPUTER, HP, ELITEDESK 800 G3 SFF,",50.00,12/15/2023,CPU,Computer/IT/Telecommunication Equipment/Supply
159506 0002 42950,1,"DESKTOP COMPUTER, HP, ELITEDESK 800 G3 SFF,",50.00,12/15/2023,CPU,Computer/IT/Telecommunication Equipment/Supply
159506 0001 42950,1,"DESKTOP COMPUTER, HP, ELITEDESK 800 G3 SFF,",50.00,12/15/2023,CPU,Computer/IT/Telecommunication Equipment/Supply
158557 0003 42668,1,"DESKTOP COMPUTER, HP, ELITEDESK 800 G3,",50.00,null,CPU,Computer/IT/Telecommunication Equipment/Supply
159387 0009 42563,1,"DESKTOP COMPUTER, LENOVO, M910Q, MJ05DBEF",100.00,null,CPU,Computer/IT/Telecommunication Equipment/Supply
158519 0004 42496,1,"DESKTOP COMPUTER, MXL817159L",50.00,null,CPU,Computer/IT/Telecommunication Equipment/Supply
158915 0045 42631,1,"TOWER, COMPUTER, HP, SFF, MXL04232W3",200.00,null,CPU,Computer/IT/Telecommunication Equipment/Supply
159620 0006 42875,1,"LAPTOP, 2S8LSQ2",100.00,12/5/2023,Laptop/Notebook,Computer/IT/Telecommunication Equipment/Supply
159620 0008 42875,1,"LAPTOP, 3T291Z2",100.00,12/5/2023,Laptop/Notebook,Computer/IT/Telecommunication Equipment/Supply
159620 0016 42875,1,"LAPTOP, 57NQ8Y2",100.00,12/5/2023,Laptop/Notebook,Computer/IT/Telecommunication Equipment/Supply
159620 0012 42875,1,"LAPTOP, 6KWBST2",100.00,12/5/2023,Laptop/Notebook,Computer/IT/Telecommunication Equipment/Supply
159620 0007 42875,1,"LAPTOP, 81QPZY2",100.00,12/5/2023,Laptop/Notebook,Computer/IT/Telecommunication Equipment/Supply
159307 0005 42785,1,"LAPTOP, ACER",50.00,12/15/2023,Laptop/Notebook,Computer/IT/Telecommunication Equipment/Supply
158836 0081 42720,1,"LAPTOP, APPLE, LATITUDE 7400, BT9Q0Z2",100.00,12/4/2023,Laptop/Notebook,Computer/IT/Telecommunication Equipment/Supply
159281 0049 42768,1,"LAPTOP, DELL",50.00,12/12/2023,Laptop/Notebook,Computer/IT/Telecommunication Equipment/Supply
159281 0050 42768,1,"LAPTOP, DELL",50.00,12/12/2023,Laptop/Notebook,Computer/IT/Telecommunication Equipment/Supply
159281 0053 42768,1,"LAPTOP, DELL",50.00,12/12/2023,Laptop/Notebook,Computer/IT/Telecommunication Equipment/Supply
159281 0055 42768,1,"LAPTOP, DELL",50.00,12/12/2023,Laptop/Notebook,Computer/IT/Telecommunication Equipment/Supply
159281 0056 42768,1,"LAPTOP, DELL",50.00,12/12/2023,Laptop/Notebook,Computer/IT/Telecommunication Equipment/Supply
159281 0057 42768,1,"LAPTOP, DELL",50.00,12/12/2023,Laptop/Notebook,Computer/IT/Telecommunication Equipment/Supply
159281 0058 42768,1,"LAPTOP, DELL",50.00,12/12/2023,Laptop/Notebook,Computer/IT/Telecommunication Equipment/Supply
159281 0060 42768,1,"LAPTOP, DELL",50.00,12/12/2023,Laptop/Notebook,Computer/IT/Telecommunication Equipment/Supply
159281 0061 42768,1,"LAPTOP, DELL",50.00,12/12/2023,Laptop/Notebook,Computer/IT/Telecommunication Equipment/Supply
159281 0062 42768,1,"LAPTOP, DELL",50.00,12/12/2023,Laptop/Notebook,Computer/IT/Telecommunication Equipment/Supply
159281 0064 42768,1,"LAPTOP, DELL",100.00,12/12/2023,Laptop/Notebook,Computer/IT/Telecommunication Equipment/Supply
159281 0065 42768,1,"LAPTOP, DELL",100.00,12/12/2023,Laptop/Notebook,Computer/IT/Telecommunication Equipment/Supply
159281 0066 42768,1,"LAPTOP, DELL",100.00,12/12/2023,Laptop/Notebook,Computer/IT/Telecommunication Equipment/Supply
159281 0067 42768,1,"LAPTOP, DELL",100.00,12/12/2023,Laptop/Notebook,Computer/IT/Telecommunication Equipment/Supply
159281 0074 42768,1,"LAPTOP, DELL",50.00,12/12/2023,Laptop/Notebook,Computer/IT/Telecommunication Equipment/Supply
159281 0086 42768,1,"LAPTOP, DELL",100.00,12/12/2023,Laptop/Notebook,Computer/IT/Telecommunication Equipment/Supply
159281 0087 42768,1,"LAPTOP, DELL",50.00,12/12/2023,Laptop/Notebook,Computer/IT/Telecommunication Equipment/Supply
159281 0088 42768,1,"LAPTOP, DELL",50.00,12/12/2023,Laptop/Notebook,Computer/IT/Telecommunication Equipment/Supply
159281 0090 42768,1,"LAPTOP, DELL",100.00,12/12/2023,Laptop/Notebook,Computer/IT/Telecommunication Equipment/Supply
142037 0006 42795,1,"LAPTOP, DELL, 3541",200.00,null,Laptop/Notebook,Computer/IT/Telecommunication Equipment/Supply
159386 0001 42563,1,"LAPTOP, DELL, 7400, 7S7W063",100.00,null,Laptop/Notebook,Computer/IT/Telecommunication Equipment/Supply
158836 0049 42720,1,"LAPTOP, DELL, INSPIRON, 34TJZB2",50.00,12/4/2023,Laptop/Notebook,Computer/IT/Telecommunication Equipment/Supply
158481 0024 42749,1,"LAPTOP, DELL, LATITUDE 3400, 1QCKMT2",50.00,null,Laptop/Notebook,Computer/IT/Telecommunication Equipment/Supply
159168 0026 42740,1,"LAPTOP, DELL, LATITUDE 3500, 282JLW2",100.00,12/4/2023,Laptop/Notebook,Computer/IT/Telecommunication Equipment/Supply
159168 0016 42740,1,"LAPTOP, DELL, LATITUDE 3500, 292JLW2",100.00,12/4/2023,Laptop/Notebook,Computer/IT/Telecommunication Equipment/Supply
159168 0017 42740,1,"LAPTOP, DELL, LATITUDE 3500, 772JLW2",100.00,12/4/2023,Laptop/Notebook,Computer/IT/Telecommunication Equipment/Supply
159168 0019 42740,1,"LAPTOP, DELL, LATITUDE 3500, DHB9PW2",100.00,12/4/2023,Laptop/Notebook,Computer/IT/Telecommunication Equipment/Supply
159168 0018 42740,1,"LAPTOP, DELL, LATITUDE 3500, F62JLW2",100.00,12/4/2023,Laptop/Notebook,Computer/IT/Telecommunication Equipment/Supply
159168 0033 42740,1,"LAPTOP, DELL, LATITUDE 3590, 2K19KR2",100.00,12/4/2023,Laptop/Notebook,Computer/IT/Telecommunication Equipment/Supply
159168 0034 42740,1,"LAPTOP, DELL, LATITUDE 3590, 5K19KR2",100.00,12/4/2023,Laptop/Notebook,Computer/IT/Telecommunication Equipment/Supply
159629 0014 42883,1,"LAPTOP, DELL, LATITUDE 5400, 15RQ3Z2",100.00,null,Laptop/Notebook,Computer/IT/Telecommunication Equipment/Supply
159629 0016 42883,1,"LAPTOP, DELL, LATITUDE 5400, 1Q900Z2",100.00,null,Laptop/Notebook,Computer/IT/Telecommunication Equipment/Supply
159629 0012 42883,1,"LAPTOP, DELL, LATITUDE 5400, 2TKTL33",100.00,null,Laptop/Notebook,Computer/IT/Telecommunication Equipment/Supply
158999 0015 42667,1,"LAPTOP, DELL, LATITUDE 5400, 30J6N13",100.00,null,Laptop/Notebook,Computer/IT/Telecommunication Equipment/Supply
158904 0005 42615,1,"LAPTOP, DELL, LATITUDE 5400, 38499Y2",100.00,null,Laptop/Notebook,Computer/IT/Telecommunication Equipment/Supply
158904 0017 42615,1,"LAPTOP, DELL, LATITUDE 5400, 3C2PZY2",100.00,null,Laptop/Notebook,Computer/IT/Telecommunication Equipment/Supply
159629 0021 42883,1,"LAPTOP, DELL, LATITUDE 5400, 4J8TL13",100.00,null,Laptop/Notebook,Computer/IT/Telecommunication Equipment/Supply
158904 0006 42615,1,"LAPTOP, DELL, LATITUDE 5400, 548PZY2",100.00,null,Laptop/Notebook,Computer/IT/Telecommunication Equipment/Supply
158999 0019 42667,1,"LAPTOP, DELL, LATITUDE 5400, 631CK13",100.00,null,Laptop/Notebook,Computer/IT/Telecommunication Equipment/Supply
159629 0019 42883,1,"LAPTOP, DELL, LATITUDE 5400, 791F5Y2",100.00,null,Laptop/Notebook,Computer/IT/Telecommunication Equipment/Supply
159629 0020 42883,1,"LAPTOP, DELL, LATITUDE 5400, 8BGTL33",100.00,null,Laptop/Notebook,Computer/IT/Telecommunication Equipment/Supply
159629 0025 42883,1,"LAPTOP, DELL, LATITUDE 5400, 8VRSL33",100.00,null,Laptop/Notebook,Computer/IT/Telecommunication Equipment/Supply
159629 0017 42883,1,"LAPTOP, DELL, LATITUDE 5400, 92XD5Y2",100.00,null,Laptop/Notebook,Computer/IT/Telecommunication Equipment/Supply
159629 0011 42883,1,"LAPTOP, DELL, LATITUDE 5400, B656N13",100.00,null,Laptop/Notebook,Computer/IT/Telecommunication Equipment/Supply
158317 0011 42683,1,"LAPTOP, DELL, LATITUDE 5400, BH25ZY2",100.00,null,Laptop/Notebook,Computer/IT/Telecommunication Equipment/Supply
159629 0009 42883,1,"LAPTOP, DELL, LATITUDE 5400, BPJXZY2",100.00,null,Laptop/Notebook,Computer/IT/Telecommunication Equipment/Supply
159629 0010 42883,1,"LAPTOP, DELL, LATITUDE 5400, CFDXL33",100.00,null,Laptop/Notebook,Computer/IT/Telecommunication Equipment/Supply
158792 0012 42574,1,"LAPTOP, DELL, LATITUDE 5400, DHW4ZY2",100.00,null,Laptop/Notebook,Computer/IT/Telecommunication Equipment/Supply
159629 0024 42883,1,"LAPTOP, DELL, LATITUDE 5400, DP189Y2",100.00,null,Laptop/Notebook,Computer/IT/Telecommunication Equipment/Supply
158904 0019 42615,1,"LAPTOP, DELL, LATITUDE 5400, DQRNYY2",100.00,null,Laptop/Notebook,Computer/IT/Telecommunication Equipment/Supply
159629 0013 42883,1,"LAPTOP, DELL, LATITUDE 5400, DXP4ZY2",100.00,null,Laptop/Notebook,Computer/IT/Telecommunication Equipment/Supply
159629 0022 42883,1,"LAPTOP, DELL, LATITUDE 5400, FWPHYY2",100.00,null,Laptop/Notebook,Computer/IT/Telecommunication Equipment/Supply
159629 0018 42883,1,"LAPTOP, DELL, LATITUDE 5400, FY7PZY2",100.00,null,Laptop/Notebook,Computer/IT/Telecommunication Equipment/Supply
159629 0026 42883,1,"LAPTOP, DELL, LATITUDE 5400, GLDC5Y2",100.00,null,Laptop/Notebook,Computer/IT/Telecommunication Equipment/Supply
159114 0014 42703,1,"LAPTOP, DELL, LATITUDE 5400, HD789Y2",100.00,null,Laptop/Notebook,Computer/IT/Telecommunication Equipment/Supply
159390 0005 42809,1,"LAPTOP, DELL, LATITUDE 5400, HND7ZY2",100.00,null,Laptop/Notebook,Computer/IT/Telecommunication Equipment/Supply
158792 0014 42574,1,"LAPTOP, DELL, LATITUDE 5400, JLGYZY2",100.00,null,Laptop/Notebook,Computer/IT/Telecommunication Equipment/Supply
159629 0027 42883,1,"LAPTOP, DELL, LATITUDE 5410, 2BN1Q73",200.00,null,Laptop/Notebook,Computer/IT/Telecommunication Equipment/Supply
158481 0017 42749,1,"LAPTOP, DELL, LATITUDE 7390, BDKTQQ2",100.00,null,Laptop/Notebook,Computer/IT/Telecommunication Equipment/Supply
159507 0001 42909,1,"LAPTOP, DELL, LATITUDE 7400 2IN1, CH2N63Z2",100.00,12/6/2023,Laptop/Notebook,Computer/IT/Telecommunication Equipment/Supply
158836 0127 42720,1,"LAPTOP, DELL, LATITUDE 7400, 6HLLZY2",100.00,12/4/2023,Laptop/Notebook,Computer/IT/Telecommunication Equipment/Supply
158836 0026 42720,1,"LAPTOP, DELL, LATITUDE 7400, HR4MZY2",100.00,12/4/2023,Laptop/Notebook,Computer/IT/Telecommunication Equipment/Supply
158836 0051 42720,1,"LAPTOP, DELL, LATITUDE 7400, HS2NYZ2",100.00,12/4/2023,Laptop/Notebook,Computer/IT/Telecommunication Equipment/Supply
157995 0005 42443,1,"LAPTOP, DELL, LATITUDE 7470, 329KJR2",100.00,null,Laptop/Notebook,Computer/IT/Telecommunication Equipment/Supply
158836 0038 42720,1,"LAPTOP, DELL, LATITUDE 7480, 2PSCZM2",50.00,12/4/2023,Laptop/Notebook,Computer/IT/Telecommunication Equipment/Supply
158481 0013 42749,1,"LAPTOP, DELL, LATITUDE 7480, 4KYSPQ2",50.00,null,Laptop/Notebook,Computer/IT/Telecommunication Equipment/Supply
158519 0002 42496,1,"LAPTOP, DELL, LATITUDE 7480, P73G001",100.00,null,Laptop/Notebook,Computer/IT/Telecommunication Equipment/Supply
158481 0014 42749,1,"LAPTOP, DELL, LATITUDE 7490, 25DHNV2",100.00,null,Laptop/Notebook,Computer/IT/Telecommunication Equipment/Supply
158481 0016 42749,1,"LAPTOP, DELL, LATITUDE 7490, B3M9PV2",100.00,null,Laptop/Notebook,Computer/IT/Telecommunication Equipment/Supply
158481 0020 42749,1,"LAPTOP, DELL, LATITUDE 7490, FDPJPV2",100.00,null,Laptop/Notebook,Computer/IT/Telecommunication Equipment/Supply
158481 0023 42749,1,"LAPTOP, DELL, LATITUDE 7490, HJNLNV2",100.00,null,Laptop/Notebook,Computer/IT/Telecommunication Equipment/Supply
158317 0008 42683,1,"LAPTOP, DELL, LATITUDE 9290, J21KS2",100.00,null,Laptop/Notebook,Computer/IT/Telecommunication Equipment/Supply
158317 0010 42683,1,"LAPTOP, DELL, LATITUDE 9480",100.00,null,Laptop/Notebook,Computer/IT/Telecommunication Equipment/Supply
159507 0002 42909,1,"LAPTOP, DELL, XPS 15 9550, 20H5S72",100.00,12/6/2023,Laptop/Notebook,Computer/IT/Telecommunication Equipment/Supply
159507 0003 42909,1,"LAPTOP, DELL, XPS 15 9570, 8VM6SQ2",100.00,12/6/2023,Laptop/Notebook,Computer/IT/Telecommunication Equipment/Supply
158836 0010 42720,1,"LAPTOP, DELL, XPS 8700, 3H03082",100.00,12/4/2023,Laptop/Notebook,Computer/IT/Telecommunication Equipment/Supply
158836 0036 42720,1,"LAPTOP, DELL, XPS, 11Z0TT2",50.00,12/4/2023,Laptop/Notebook,Computer/IT/Telecommunication Equipment/Supply
158836 0048 42720,1,"LAPTOP, DELL, XPS, FGQMNQ2",50.00,12/4/2023,Laptop/Notebook,Computer/IT/Telecommunication Equipment/Supply
159307 0002 42785,1,"LAPTOP, DELL, XPS, G6Q6HR2",50.00,12/15/2023,Laptop/Notebook,Computer/IT/Telecommunication Equipment/Supply
159620 0010 42875,1,"LAPTOP, FY942Z2",100.00,12/5/2023,Laptop/Notebook,Computer/IT/Telecommunication Equipment/Supply
159177 0006 42723,1,"LAPTOP, G7KHHM2",100.00,null,Laptop/Notebook,Computer/IT/Telecommunication Equipment/Supply
159205 0059 42737,1,"LAPTOP, HP, 5CG9111WQM",50.00,12/6/2023,Laptop/Notebook,Computer/IT/Telecommunication Equipment/Supply
158792 0056 42574,1,"LAPTOP, HP, ELITEBOOK 840 G3, 5CG6411060",100.00,null,Laptop/Notebook,Computer/IT/Telecommunication Equipment/Supply
159220 0037 42742,1,"LAPTOP, HP, ELITEBOOK 840 G3, 5CG70349KJ",100.00,null,Laptop/Notebook,Computer/IT/Telecommunication Equipment/Supply
159114 0055 42703,1,"LAPTOP, HP, ELITEBOOK 840 G3, 5CG70349U",100.00,null,Laptop/Notebook,Computer/IT/Telecommunication Equipment/Supply
159220 0038 42742,1,"LAPTOP, HP, ELITEBOOK 840 G3, 5CG723639L",100.00,null,Laptop/Notebook,Computer/IT/Telecommunication Equipment/Supply
158201 0003 42382,1,"LAPTOP, HP, ELITEBOOK 840, 5CG7213XB9",100.00,null,Laptop/Notebook,Computer/IT/Telecommunication Equipment/Supply
159629 0068 42883,1,"LAPTOP, HP, ELITEBOOK 850 G3, 5CG7031C6Z",100.00,null,Laptop/Notebook,Computer/IT/Telecommunication Equipment/Supply
159638 0001 42887,1,"LAPTOP, HP, SPECTRE",200.00,12/12/2023,Laptop/Notebook,Computer/IT/Telecommunication Equipment/Supply
158836 0097 42720,1,"LAPTOP, HP, SPECTRE, 5CD8162D7P",100.00,12/4/2023,Laptop/Notebook,Computer/IT/Telecommunication Equipment/Supply
159307 0004 42785,1,"LAPTOP, LENOVO, P201TT4J",50.00,12/15/2023,Laptop/Notebook,Computer/IT/Telecommunication Equipment/Supply
158540 0042 42330,1,"LAPTOP, LENOVO, T480, PF1840GN",100.00,null,Laptop/Notebook,Computer/IT/Telecommunication Equipment/Supply
158540 0040 42330,1,"LAPTOP, LENOVO, T480, PF18WAZK",100.00,null,Laptop/Notebook,Computer/IT/Telecommunication Equipment/Supply
158540 0044 42330,1,"LAPTOP, LENOVO, T480, PF1FVE6D",100.00,null,Laptop/Notebook,Computer/IT/Telecommunication Equipment/Supply
158055 0022 42319,1,MONITOR,50.00,null,Monitor,Computer/IT/Telecommunication Equipment/Supply
158201 0093 42382,7,MONITOR,40.00,null,Monitor,Computer/IT/Telecommunication Equipment/Supply
158416 0021 42464,1,MONITOR,40.00,null,Monitor,Computer/IT/Telecommunication Equipment/Supply
158519 0018 42496,1,MONITOR,40.00,null,Monitor,Computer/IT/Telecommunication Equipment/Supply
159052 0006 42448,1,MONITOR,40.00,null,Monitor,Computer/IT/Telecommunication Equipment/Supply
159205 0140 42737,8,MONITOR,40.00,12/6/2023,Monitor,Computer/IT/Telecommunication Equipment/Supply
159281 0093 42768,1,MONITOR,40.00,12/12/2023,Monitor,Computer/IT/Telecommunication Equipment/Supply
159577 0002 42863,1,MONITOR,40.00,null,Monitor,Computer/IT/Telecommunication Equipment/Supply
158951 0018 42650,1,"MONITOR, ACER, LCD",40.00,null,Monitor,Computer/IT/Telecommunication Equipment/Supply
158836 0112 42720,1,"MONITOR, ASUS, B3LMQS054574",40.00,12/4/2023,Monitor,Computer/IT/Telecommunication Equipment/Supply
156265 0005 42728,1,"MONITOR, BENQ, ETP5D0044BSL0",40.00,null,Monitor,Computer/IT/Telecommunication Equipment/Supply
157478 0001 42917,6,"MONITOR, DEL, P2419H",40.00,12/12/2023,Monitor,Computer/IT/Telecommunication Equipment/Supply
157475 0001 42911,2,"MONITOR, DELL",40.00,12/7/2023,Monitor,Computer/IT/Telecommunication Equipment/Supply
156264 0012 42728,1,"MONITOR, DELL, CN-0KG49T-74261-IBO-089U",40.00,null,Monitor,Computer/IT/Telecommunication Equipment/Supply
158537 0005 42500,1,"MONITOR, HP",40.00,null,Monitor,Computer/IT/Telecommunication Equipment/Supply
158537 0033 42500,1,"MONITOR, HP",40.00,null,Monitor,Computer/IT/Telecommunication Equipment/Supply
158537 0035 42500,1,"MONITOR, HP",40.00,null,Monitor,Computer/IT/Telecommunication Equipment/Supply
158537 0036 42500,1,"MONITOR, HP",40.00,null,Monitor,Computer/IT/Telecommunication Equipment/Supply
158538 0075 42500,1,"MONITOR, HP",40.00,null,Monitor,Computer/IT/Telecommunication Equipment/Supply
158538 0078 42500,1,"MONITOR, HP",40.00,null,Monitor,Computer/IT/Telecommunication Equipment/Supply
159205 0153 42737,1,"MONITOR, HP",40.00,12/6/2023,Monitor,Computer/IT/Telecommunication Equipment/Supply
159387 0030 42563,1,"MONITOR, HP",40.00,null,Monitor,Computer/IT/Telecommunication Equipment/Supply
159390 0054 42809,1,"MONITOR, HP, 24 LED, CNK542162R",40.00,null,Monitor,Computer/IT/Telecommunication Equipment/Supply
158264 0026 42414,1,"MONITOR, HP, 24 LED, CNK6210D4X",40.00,null,Monitor,Computer/IT/Telecommunication Equipment/Supply
158537 0008 42500,1,"MONITOR, LENOVO",40.00,null,Monitor,Computer/IT/Telecommunication Equipment/Supply
158537 0009 42500,1,"MONITOR, LENOVO",40.00,null,Monitor,Computer/IT/Telecommunication Equipment/Supply
158537 0012 42500,1,"MONITOR, LENOVO",40.00,null,Monitor,Computer/IT/Telecommunication Equipment/Supply
158537 0016 42500,1,"MONITOR, LENOVO",40.00,null,Monitor,Computer/IT/Telecommunication Equipment/Supply
158537 0017 42500,1,"MONITOR, LENOVO",40.00,null,Monitor,Computer/IT/Telecommunication Equipment/Supply
158537 0018 42500,1,"MONITOR, LENOVO",40.00,null,Monitor,Computer/IT/Telecommunication Equipment/Supply
158537 0019 42500,1,"MONITOR, LENOVO",40.00,null,Monitor,Computer/IT/Telecommunication Equipment/Supply
158537 0020 42500,1,"MONITOR, LENOVO",40.00,null,Monitor,Computer/IT/Telecommunication Equipment/Supply
158537 0021 42500,1,"MONITOR, LENOVO",40.00,null,Monitor,Computer/IT/Telecommunication Equipment/Supply
158537 0022 42500,1,"MONITOR, LENOVO",40.00,null,Monitor,Computer/IT/Telecommunication Equipment/Supply
158537 0028 42500,1,"MONITOR, LENOVO",40.00,null,Monitor,Computer/IT/Telecommunication Equipment/Supply
158537 0030 42500,1,"MONITOR, LENOVO",40.00,null,Monitor,Computer/IT/Telecommunication Equipment/Supply
158538 0097 42500,1,"MONITOR, LENOVO",40.00,null,Monitor,Computer/IT/Telecommunication Equipment/Supply
158538 0004 42500,1,"MONITOR, LENOVO, 24""",40.00,null,Monitor,Computer/IT/Telecommunication Equipment/Supply
158538 0021 42500,1,"MONITOR, LENOVO, 24""",40.00,null,Monitor,Computer/IT/Telecommunication Equipment/Supply
158538 0029 42500,1,"MONITOR, LENOVO, 24""",40.00,null,Monitor,Computer/IT/Telecommunication Equipment/Supply
158538 0031 42500,1,"MONITOR, LENOVO, 24""",40.00,null,Monitor,Computer/IT/Telecommunication Equipment/Supply
158538 0039 42500,1,"MONITOR, LENOVO, 24""",40.00,null,Monitor,Computer/IT/Telecommunication Equipment/Supply
158538 0045 42500,1,"MONITOR, LENOVO, 24""",40.00,null,Monitor,Computer/IT/Telecommunication Equipment/Supply
158538 0047 42500,1,"MONITOR, LENOVO, 24""",40.00,null,Monitor,Computer/IT/Telecommunication Equipment/Supply
158538 0051 42500,1,"MONITOR, LENOVO, 24""",40.00,null,Monitor,Computer/IT/Telecommunication Equipment/Supply
158538 0054 42500,1,"MONITOR, LENOVO, 24""",40.00,null,Monitor,Computer/IT/Telecommunication Equipment/Supply
158538 0056 42500,1,"MONITOR, LENOVO, 24""",40.00,null,Monitor,Computer/IT/Telecommunication Equipment/Supply
158538 0062 42500,1,"MONITOR, LENOVO, 24""",40.00,null,Monitor,Computer/IT/Telecommunication Equipment/Supply
158538 0063 42500,1,"MONITOR, LENOVO, 24""",40.00,null,Monitor,Computer/IT/Telecommunication Equipment/Supply
158538 0065 42500,1,"MONITOR, LENOVO, 24""",40.00,null,Monitor,Computer/IT/Telecommunication Equipment/Supply
158538 0066 42500,1,"MONITOR, LENOVO, 24""",40.00,null,Monitor,Computer/IT/Telecommunication Equipment/Supply
158538 0079 42500,1,"MONITOR, LENOVO, 24""",40.00,null,Monitor,Computer/IT/Telecommunication Equipment/Supply
158716 0042 42330,1,"MONITOR, LENOVO, LT2423, VNA03PM0",40.00,null,Monitor,Computer/IT/Telecommunication Equipment/Supply
159386 0006 42563,1,"MONITOR, LENOVO, LT2423, VNA03PMC",40.00,null,Monitor,Computer/IT/Telecommunication Equipment/Supply
158716 0037 42330,1,"MONITOR, LENOVO, LT2423, VNA03PMK",40.00,null,Monitor,Computer/IT/Telecommunication Equipment/Supply
159386 0008 42563,1,"MONITOR, LENOVO, LT2423, VNA03PMW",40.00,null,Monitor,Computer/IT/Telecommunication Equipment/Supply
159386 0009 42563,1,"MONITOR, LENOVO, LT2423, VNA03PMX",40.00,null,Monitor,Computer/IT/Telecommunication Equipment/Supply
159386 0005 42563,1,"MONITOR, LENOVO, LT2423, VNA03PN0",40.00,null,Monitor,Computer/IT/Telecommunication Equipment/Supply
158716 0041 42330,1,"MONITOR, LENOVO, LT2423, VNA03PN1",40.00,null,Monitor,Computer/IT/Telecommunication Equipment/Supply
159386 0002 42563,1,"MONITOR, LENOVO, LT2423, VNA03PN4",40.00,null,Monitor,Computer/IT/Telecommunication Equipment/Supply
159386 0010 42563,1,"MONITOR, LENOVO, LT2423, VNA03PN7",40.00,null,Monitor,Computer/IT/Telecommunication Equipment/Supply
159386 0007 42563,1,"MONITOR, LENOVO, LT2423, VNA03PN9",40.00,null,Monitor,Computer/IT/Telecommunication Equipment/Supply
159386 0004 42563,1,"MONITOR, LENOVO, LT2423, VNA03PNA",40.00,null,Monitor,Computer/IT/Telecommunication Equipment/Supply
159386 0011 42563,1,"MONITOR, LENOVO, LT2423, VNA03PNB",40.00,null,Monitor,Computer/IT/Telecommunication Equipment/Supply
159386 0013 42563,1,"MONITOR, LENOVO, LT2424, V1769408",40.00,null,Monitor,Computer/IT/Telecommunication Equipment/Supply
159386 0036 42563,1,"MONITOR, LENOVO, T2424P, SV1C49738",40.00,null,Monitor,Computer/IT/Telecommunication Equipment/Supply
158537 0007 42500,1,"MONITOR, NEC",40.00,null,Monitor,Computer/IT/Telecommunication Equipment/Supply
158537 0032 42500,1,"MONITOR, NEC",40.00,null,Monitor,Computer/IT/Telecommunication Equipment/Supply
158398 0014 42450,1,"MONITOR, NEC, 24 LCD, S25104926NA",40.00,null,Monitor,Computer/IT/Telecommunication Equipment/Supply
159512 0128 42846,1,"MONITOR, NEC, 24 LCD, S38131209NA",40.00,null,Monitor,Computer/IT/Telecommunication Equipment/Supply
159220 0084 42742,1,"MONITOR, NEC, 24 LED, S3X134033NA",40.00,null,Monitor,Computer/IT/Telecommunication Equipment/Supply
159390 0110 42809,1,"MONITOR, NEC, 24 LED, S41100311NA",40.00,null,Monitor,Computer/IT/Telecommunication Equipment/Supply
157457 0004 42842,1,"MONITOR, NEC, 32""",50.00,null,Monitor,Computer/IT/Telecommunication Equipment/Supply
158538 0083 42500,1,"MONITOR, SAMSUNG",40.00,null,Monitor,Computer/IT/Telecommunication Equipment/Supply
157995 0030 42443,1,"MONITOR, SAMSUNG, P2770H, Z1U4HCLZ800393E",40.00,null,Monitor,Computer/IT/Telecommunication Equipment/Supply
156996 0095 42722,1,"STORAGE ARRAY, DROBO, PRO, TDB103640326",100.00,null,Network/Server,Computer/IT/Telecommunication Equipment/Supply
156996 0096 42722,1,"STORAGE ARRAY, DROBO, PRO, TDB93040516",100.00,null,Network/Server,Computer/IT/Telecommunication Equipment/Supply
156996 0023 42722,1,"DIGITAL PROCESSOR, SYNCHRONIZER, DPS-265, 4L265005",40.00,null,Peripheral/Components/Parts/Input Devices,Computer/IT/Telecommunication Equipment/Supply
159612 0025 42944,1,"MITER SAW, MAKITA, 10"" 120V LS1013, 100355A",200.00,12/15/2023,Construction/Hardware/Tool Equipment/Supply,Construction/Hardware/Tool Equipment/Supply
159612 0013 42944,1,"NAIL GUN, HITACHI, NR 90AE",40.00,12/15/2023,Construction/Hardware/Tool Equipment/Supply,Construction/Hardware/Tool Equipment/Supply
157466 0003 42885,1,SAW,100.00,null,Construction/Hardware/Tool Equipment/Supply,Construction/Hardware/Tool Equipment/Supply
159612 0028 42944,1,"SAW, DELTA, SHOPMASTER DP350, 200705-XL",200.00,12/15/2023,Construction/Hardware/Tool Equipment/Supply,Construction/Hardware/Tool Equipment/Supply
159612 0019 42944,1,"SAW, JET BAND, JWBS-14CS, 17020232",400.00,12/15/2023,Construction/Hardware/Tool Equipment/Supply,Construction/Hardware/Tool Equipment/Supply
159612 0018 42944,1,"SAW, SCROLL, P-20 20"", 40-630",200.00,12/15/2023,Construction/Hardware/Tool Equipment/Supply,Construction/Hardware/Tool Equipment/Supply
157389 0009 42507,1,"TOOL, CRITICOOL",100.00,null,Construction/Hardware/Tool Equipment/Supply,Construction/Hardware/Tool Equipment/Supply
159612 0027 42944,1,"TOOLBOX, HOMAK, SPLIT LEVEL",200.00,12/15/2023,Construction/Hardware/Tool Equipment/Supply,Construction/Hardware/Tool Equipment/Supply
158547 0002 42507,1,"CONNECTOR, AIDA, HC",50.00,null,Electrical Equipment/Supply,Electrical Equipment/Supply
158548 0002 42507,1,"CONNECTOR, AIDA, HC",50.00,null,Electrical Equipment/Supply,Electrical Equipment/Supply
158548 0003 42507,1,"CONNECTOR, AIDA, HC",50.00,null,Electrical Equipment/Supply,Electrical Equipment/Supply
158905 0008 42653,1,"LAMP, SKYTRON, ROLLS",200.00,null,Lighting,Electrical Equipment/Supply
157419 0001 42694,1,"LIGHT BOARD, MARANTZ",100.00,null,Lighting,Electrical Equipment/Supply
159216 0003 42557,1,"PUMP, AIRCOMP, REPLACEMENT",80.00,null,Motor/Pump,Electrical Equipment/Supply
159699 0025 42815,1,"PUMP, METERING, ELDEX LABS, B-100-5",75.00,12/6/2023,Motor/Pump,Electrical Equipment/Supply
158416 0009 42464,1,POWER BACK-UP,200.00,null,Power Supply/Transformer,Electrical Equipment/Supply
158073 0059 42431,1,"POWER SUPPLY, ZEISS EYE SCOPE, 154866",50.00,null,Power Supply/Transformer,Electrical Equipment/Supply
159551 0001 42854,1,COFFEE MAKER,75.00,null,Food Service and Kitchen Equipment/Supply,Food Service and Kitchen Equipment/Supply
159551 0002 42854,1,COFFEE MAKER,50.00,null,Food Service and Kitchen Equipment/Supply,Food Service and Kitchen Equipment/Supply
158044 0001 42528,1,"ICE MACHINE, SCOTSMAN, CME1202AE-32A, 985642-07N",200.00,null,Food Service and Kitchen Equipment/Supply,Food Service and Kitchen Equipment/Supply
159344 0002 42786,1,"VACUUM, HOOVER",50.00,null,Janitorial/Laundry/Cleaning,Janitorial/Laundry/Cleaning
157389 0026 42507,1,"SCALE, OR, STORZ",50.00,null,Balance/Scale,Laboratory/Scientific/Medical Equipment/Supply
158073 0022 42431,1,"CRYOSTAT, LEICA CM 1900, 0452227382",200.00,null,Biomedical/Clinical,Laboratory/Scientific/Medical Equipment/Supply
158073 0058 42431,1,"EYE SCOPE, ZEISS, 165524",200.00,null,Biomedical/Clinical,Laboratory/Scientific/Medical Equipment/Supply
158073 0116 42431,1,"ANALYZER, FIELD",200.00,null,Electronic/Test Equipment,Laboratory/Scientific/Medical Equipment/Supply
157549 0043 42138,1,"METER, MARCO, LENSMETER 101",100.00,null,Electronic/Test Equipment,Laboratory/Scientific/Medical Equipment/Supply
158216 0038 42388,1,OSCILLOSCOPE,100.00,null,Electronic/Test Equipment,Laboratory/Scientific/Medical Equipment/Supply
159198 0001 42485,4,"FREEZER RACK, LAB, IN BOX",50.00,null,Freezer/Refrigerator,Laboratory/Scientific/Medical Equipment/Supply
158882 0022 42606,1,"LABORATORY SMALL SUPPLY, HOBONODE, DATA",100.00,null,Laboratory Scientific Equipment/Supply,Laboratory/Scientific/Medical Equipment/Supply
155990 0030 41830,1,REACTION SYSTEM,100.00,null,Laboratory Scientific Equipment/Supply,Laboratory/Scientific/Medical Equipment/Supply
159240 0007 42755,1,"CART, MEDICAL",40.00,12/7/2023,Medical,Laboratory/Scientific/Medical Equipment/Supply
157549 0032 42138,1,COLPOSCOPE,100.00,null,Medical,Laboratory/Scientific/Medical Equipment/Supply
159627 0001 42882,1,"EXAM BED, PT BED, 104-035-201-1, V166389",50.00,null,Medical,Laboratory/Scientific/Medical Equipment/Supply
159684 0001 42902,1,"HEADLIGHT, MEDICAL, WA SOLARC, WA49520, 49501",50.00,12/13/2023,Medical,Laboratory/Scientific/Medical Equipment/Supply
157389 0010 42507,1,"MEDICAL DEVICE, TECHNEGAS, TECHNEGAS PLUS",200.00,null,Medical,Laboratory/Scientific/Medical Equipment/Supply
158548 0001 42507,1,"MONITOR, MEDICAL, STERIS, WALL",75.00,null,Medical,Laboratory/Scientific/Medical Equipment/Supply
158547 0013 42507,1,"MONITOR, MEDICAL, WALL",75.00,null,Medical,Laboratory/Scientific/Medical Equipment/Supply
158547 0014 42507,1,"MONITOR, MEDICAL, WALL",75.00,null,Medical,Laboratory/Scientific/Medical Equipment/Supply
158548 0004 42507,1,"MONITOR, MEDICAL, WALL",75.00,null,Medical,Laboratory/Scientific/Medical Equipment/Supply
158548 0005 42507,1,"MONITOR, MEDICAL, WALL",75.00,null,Medical,Laboratory/Scientific/Medical Equipment/Supply
151736 0001 42333,1,"TOPOGRAPHY SYSTEM, ATLAS, 991, 991-2272",200.00,null,Medical,Laboratory/Scientific/Medical Equipment/Supply
157472 0002 42898,2,MICROSCOPE,75.00,12/5/2023,Microscope,Laboratory/Scientific/Medical Equipment/Supply
157472 0003 42898,3,MICROSCOPE,50.00,12/5/2023,Microscope,Laboratory/Scientific/Medical Equipment/Supply
157472 0004 42898,5,MICROSCOPE,75.00,12/5/2023,Microscope,Laboratory/Scientific/Medical Equipment/Supply
158073 0119 42431,1,MICROSCOPE,200.00,null,Microscope,Laboratory/Scientific/Medical Equipment/Supply
157935 0007 42333,1,"MICROSCOPE, 120020",250.00,null,Microscope,Laboratory/Scientific/Medical Equipment/Supply
159447 0003 42829,1,"MICROSCOPE, CARL ZEISS INC, OPTIX, 5501587",100.00,12/13/2023,Microscope,Laboratory/Scientific/Medical Equipment/Supply
157935 0013 42333,1,"MICROSCOPE, D01957",50.00,null,Microscope,Laboratory/Scientific/Medical Equipment/Supply
157474 0001 42903,1,"MICROSCOPE, NIKON",250.00,12/13/2023,Microscope,Laboratory/Scientific/Medical Equipment/Supply
158782 0001 42571,1,"MICROSCOPE, NIKON, ELWD0.3",250.00,null,Microscope,Laboratory/Scientific/Medical Equipment/Supply
158216 0043 42388,1,"MICROSCOPE, REICHERT, BIOSTAR",100.00,null,Microscope,Laboratory/Scientific/Medical Equipment/Supply
159527 0003 42848,1,"MICROSCOPE, ZEISS, AXIOSKOP FS, 121777",75.00,12/5/2023,Microscope,Laboratory/Scientific/Medical Equipment/Supply
156844 0007 42321,1,"MICROSCOPE, ZEISS, AXIOVERT 10",100.00,null,Microscope,Laboratory/Scientific/Medical Equipment/Supply
157750 0001 42333,1,"INCUBATOR, BIOSPHERIC",50.00,null,Oven/Chamber/Incubator/Furnace,Laboratory/Scientific/Medical Equipment/Supply
158073 0082 42431,1,"OVEN, HYBRIDIZATION, BELLCO, BMH0954",40.00,null,Oven/Chamber/Incubator/Furnace,Laboratory/Scientific/Medical Equipment/Supply
159484 0001 42836,1,RACK,55.00,12/14/2023,Rack/Cage,Laboratory/Scientific/Medical Equipment/Supply
158882 0019 42606,1,"SPECTROMETER, MIR, 8000",75.00,null,Spectrophotometer/Spectrometer,Laboratory/Scientific/Medical Equipment/Supply
159240 0003 42755,1,"AIR COMPRESSOR, JUN-AIR, 0418800888",100.00,12/7/2023,Machinery,Machinery/Industrial
159612 0015 42944,1,"DUST COLLECTOR, DELTA, 50-850, SF-0003",200.00,12/15/2023,Machinery,Machinery/Industrial
159612 0016 42944,1,"DUST COLLECTOR, DELTA, 50-850, SF-0004",200.00,12/15/2023,Machinery,Machinery/Industrial
159612 0017 42944,1,"TABLE SAW, CRAFTSMAN, 10"" P, C48BXGMJ579-A-240V",200.00,12/15/2023,Machinery,Machinery/Industrial
159216 0011 42557,5,"TANK, EXPANSION",50.00,null,Machinery,Machinery/Industrial
159240 0001 42755,1,"CART, UTILITY, HERMAN MILLER",50.00,12/7/2023,Material Handling Equipment,Material Handling Equipment
158581 0001 42568,1,"CART, VEVOR, DOUBLE SIDED BOOK CART, BLUE",50.00,null,Material Handling Equipment,Material Handling Equipment
159111 0001 42699,1,"DISPLAY CASE, GLASS SHELVES, GLASS SLIDING DOORS",80.00,null,"Cabinet, Display",Office/School/Furniture Equipment/Supply
157407 0001 42501,1,BOOKCASE,40.00,null,Cabinet/Shelf,Office/School/Furniture Equipment/Supply
158015 0001 42305,2,CABINET,50.00,null,Cabinet/Shelf,Office/School/Furniture Equipment/Supply
158631 0001 42549,1,"CABINET, METAL, QUARANTINE",100.00,null,Cabinet/Shelf,Office/School/Furniture Equipment/Supply
158961 0002 42433,1,"BENCH, 4 SEAT",40.00,null,Chair/Couch/Stool,Office/School/Furniture Equipment/Supply
159570 0002 42860,1,"CHAIR, SWIVIL",40.00,null,Chair/Couch/Stool,Office/School/Furniture Equipment/Supply
158639 0001 42536,1,CREDENZA,40.00,null,Desk,Office/School/Furniture Equipment/Supply
157354 0002 42432,2,DESK,50.00,null,Desk,Office/School/Furniture Equipment/Supply
157372 0005 42502,1,DESK,40.00,null,Desk,Office/School/Furniture Equipment/Supply
157421 0003 42642,1,DESK,40.00,null,Desk,Office/School/Furniture Equipment/Supply
157430 0006 42488,5,DESK,50.00,null,Desk,Office/School/Furniture Equipment/Supply
157447 0001 42612,1,DESK,40.00,null,Desk,Office/School/Furniture Equipment/Supply
157750 0050 42333,1,DESK,50.00,null,Desk,Office/School/Furniture Equipment/Supply
158144 0008 42367,5,DESK,50.00,null,Desk,Office/School/Furniture Equipment/Supply
158465 0002 42479,2,DESK,40.00,null,Desk,Office/School/Furniture Equipment/Supply
159367 0001 42808,1,"DESK, ADJUSTABLE",40.00,null,Desk,Office/School/Furniture Equipment/Supply
158595 0001 42555,1,"DESK, BROWN",50.00,null,Desk,Office/School/Furniture Equipment/Supply
159304 0010 42782,1,"DESK, CORNER",40.00,12/14/2023,Desk,Office/School/Furniture Equipment/Supply
159696 0001 42881,1,"DESK, EXECUTIVE",50.00,12/13/2023,Desk,Office/School/Furniture Equipment/Supply
159631 0001 42881,1,"DESK, EXECUTIVE, LG",70.00,12/13/2023,Desk,Office/School/Furniture Equipment/Supply
150914 0007 42607,1,"DESK, GRAY",40.00,null,Desk,Office/School/Furniture Equipment/Supply
159304 0005 42782,1,"DESK, RECEPTION",50.00,12/14/2023,Desk,Office/School/Furniture Equipment/Supply
158539 0003 42503,1,"DESK, WOOD",40.00,null,Desk,Office/School/Furniture Equipment/Supply
158724 0001 42560,1,"DESK, WOOD",40.00,null,Desk,Office/School/Furniture Equipment/Supply
159342 0006 42800,1,STANDING DESK,40.00,12/15/2023,Desk,Office/School/Furniture Equipment/Supply
159193 0007 42733,1,STANDING DESK CONVERTER,40.00,null,Desk,Office/School/Furniture Equipment/Supply
159618 0001 42874,1,"STANDING DESK CONVERTER, VARIDESK",40.00,12/4/2023,Desk,Office/School/Furniture Equipment/Supply
157421 0024 42642,1,FILE CABINET,50.00,null,File Cabinet,Office/School/Furniture Equipment/Supply
157469 0001 42877,1,FILE CABINET,40.00,12/4/2023,File Cabinet,Office/School/Furniture Equipment/Supply
158144 0010 42367,1,FILE CABINET,40.00,null,File Cabinet,Office/School/Furniture Equipment/Supply
158245 0004 42401,1,FILE CABINET,50.00,null,File Cabinet,Office/School/Furniture Equipment/Supply
157368 0007 42458,1,"FILE CABINET, 4 DRAWER",40.00,null,File Cabinet,Office/School/Furniture Equipment/Supply
159304 0006 42782,1,"FILE CABINET, 4 DRAWER",50.00,12/14/2023,File Cabinet,Office/School/Furniture Equipment/Supply
159318 0001 42820,1,"FILE CABINET, 5 DRAWER, HON",50.00,null,File Cabinet,Office/School/Furniture Equipment/Supply
158565 0001 42508,1,TABLE,40.00,null,Table/Stand,Office/School/Furniture Equipment/Supply
158882 0006 42606,1,TABLE,40.00,null,Table/Stand,Office/School/Furniture Equipment/Supply
158618 0002 42530,1,"TABLE, CONFERENCE",40.00,null,Table/Stand,Office/School/Furniture Equipment/Supply
159699 0017 42815,1,"TABLE, DRAFTING",75.00,12/6/2023,Table/Stand,Office/School/Furniture Equipment/Supply
157431 0001 42759,1,"EXERCISE BIKE, STAR TRAC, EUB",300.00,null,Sports/Exercise/Outdoor Recreation Equipment,Sports/Exercise/Outdoor Recreation Equipment
157479 0001 42922,1,"EXERCISE MACHINE, TOTAL GYM",100.00,12/12/2023,Sports/Exercise/Outdoor Recreation Equipment,Sports/Exercise/Outdoor Recreation Equipment
159341 0003 42799,1,PING PONG TABLE,45.00,12/12/2023,Sports/Exercise/Outdoor Recreation Equipment,Sports/Exercise/Outdoor Recreation Equipment
